[
{
    "model": "sessions.session",
    "pk": "8kddol9urzfw435fyx6hcmoum7qx3rkf",
    "fields": {
        "session_data": "OWIwMTgxZGQzMGU1OWI3ZDQ0NzQ0YWZlMTZhZWFhY2ZjMzZiNjUwMzp7Il9hdXRoX3VzZXJfaGFzaCI6IjczN2E5ZWJjZjY2NGNlZTljNDIzZGQ1YTEyNDkwOGJmNTYxOTBlMmUiLCJfYXV0aF91c2VyX2JhY2tlbmQiOiJhY2NvdW50cy5iYWNrZW5kcy5FbWFpbEF1dGgiLCJfYXV0aF91c2VyX2lkIjoiNyJ9",
        "expire_date": "2016-08-12T11:05:19.245Z"
    }
},
{
    "model": "sessions.session",
    "pk": "au4z1ecamwpiizwitl295ruvfsvzodfv",
    "fields": {
        "session_data": "YmExYWRkMWQ3YzQwZDMxZjlkZjZiZWExNTEzZWNmMDQ2MDFhOTg3NDp7Il9hdXRoX3VzZXJfaGFzaCI6IjE2MTUwZjExN2U1OTFhYmY0MTY3OWYyZjNiMWY2MTBjNjU0MTkyNTgiLCJfYXV0aF91c2VyX2JhY2tlbmQiOiJhY2NvdW50cy5iYWNrZW5kcy5FbWFpbEF1dGgiLCJfYXV0aF91c2VyX2lkIjoiMSJ9",
        "expire_date": "2016-07-19T09:18:42.240Z"
    }
},
{
    "model": "sessions.session",
    "pk": "f94e732o4r24a4ttemwn5h0vh3iuekpb",
    "fields": {
        "session_data": "YmExYWRkMWQ3YzQwZDMxZjlkZjZiZWExNTEzZWNmMDQ2MDFhOTg3NDp7Il9hdXRoX3VzZXJfaGFzaCI6IjE2MTUwZjExN2U1OTFhYmY0MTY3OWYyZjNiMWY2MTBjNjU0MTkyNTgiLCJfYXV0aF91c2VyX2JhY2tlbmQiOiJhY2NvdW50cy5iYWNrZW5kcy5FbWFpbEF1dGgiLCJfYXV0aF91c2VyX2lkIjoiMSJ9",
        "expire_date": "2016-08-10T12:17:23.590Z"
    }
},
{
    "model": "sessions.session",
    "pk": "gw513aynjklb72wc9p5qnlhk20uwt43p",
    "fields": {
        "session_data": "MDgxYjllZGRiNDAxOTdiOWIzODYwYjhjNzUyNTMyNjBiYzg2OGY0Yjp7Il9hdXRoX3VzZXJfaGFzaCI6IjgzYThmNjViZTczOGYxYmQ1ZDBiYzY2Mzg5ZDMyOWI5NDZjMmJjZGQiLCJfYXV0aF91c2VyX2JhY2tlbmQiOiJkamFuZ28uY29udHJpYi5hdXRoLmJhY2tlbmRzLk1vZGVsQmFja2VuZCIsIl9hdXRoX3VzZXJfaWQiOiIxIn0=",
        "expire_date": "2016-08-13T17:43:23.623Z"
    }
},
{
    "model": "sessions.session",
    "pk": "oe8b9138yyonf403rdj22yk2zh0of4tz",
    "fields": {
        "session_data": "YmExYWRkMWQ3YzQwZDMxZjlkZjZiZWExNTEzZWNmMDQ2MDFhOTg3NDp7Il9hdXRoX3VzZXJfaGFzaCI6IjE2MTUwZjExN2U1OTFhYmY0MTY3OWYyZjNiMWY2MTBjNjU0MTkyNTgiLCJfYXV0aF91c2VyX2JhY2tlbmQiOiJhY2NvdW50cy5iYWNrZW5kcy5FbWFpbEF1dGgiLCJfYXV0aF91c2VyX2lkIjoiMSJ9",
        "expire_date": "2016-07-27T10:31:33.148Z"
    }
},
{
    "model": "sessions.session",
    "pk": "rnuzomabus83gifbtf2g574pyd6wa9dy",
    "fields": {
        "session_data": "YmExYWRkMWQ3YzQwZDMxZjlkZjZiZWExNTEzZWNmMDQ2MDFhOTg3NDp7Il9hdXRoX3VzZXJfaGFzaCI6IjE2MTUwZjExN2U1OTFhYmY0MTY3OWYyZjNiMWY2MTBjNjU0MTkyNTgiLCJfYXV0aF91c2VyX2JhY2tlbmQiOiJhY2NvdW50cy5iYWNrZW5kcy5FbWFpbEF1dGgiLCJfYXV0aF91c2VyX2lkIjoiMSJ9",
        "expire_date": "2016-07-29T11:37:26.136Z"
    }
},
{
    "model": "sessions.session",
    "pk": "z25j2ryr7rv8hwlvd9e62zx76vidtchi",
    "fields": {
        "session_data": "YmExYWRkMWQ3YzQwZDMxZjlkZjZiZWExNTEzZWNmMDQ2MDFhOTg3NDp7Il9hdXRoX3VzZXJfaGFzaCI6IjE2MTUwZjExN2U1OTFhYmY0MTY3OWYyZjNiMWY2MTBjNjU0MTkyNTgiLCJfYXV0aF91c2VyX2JhY2tlbmQiOiJhY2NvdW50cy5iYWNrZW5kcy5FbWFpbEF1dGgiLCJfYXV0aF91c2VyX2lkIjoiMSJ9",
        "expire_date": "2016-08-11T13:39:49.459Z"
    }
},
{
    "model": "sites.site",
    "pk": 3,
    "fields": {
        "domain": "example.com",
        "name": "example.com"
    }
},
{
    "model": "sites.site",
    "pk": 4,
    "fields": {
        "domain": "localhost:8000",
        "name": "localhost"
    }
},
{
    "model": "accounts.user",
    "fields": {
        "password": "pbkdf2_sha256$20000$clfExk7lx4TZ$cX6lUNOjpnTut+Ubee3tCjyT3kLJQMn8Yv4L00B5fRg=",
        "last_login": "2016-07-30T17:43:23.522Z",
        "is_superuser": true,
        "username": "admin@mail.com",
        "first_name": "",
        "last_name": "",
        "email": "admin@mail.com",
        "is_staff": true,
        "is_active": true,
        "date_joined": "2016-07-04T15:45:42.891Z",
        "stripe_id": "",
        "groups": [],
        "user_permissions": []
    }
},
{
    "model": "accounts.user",
    "fields": {
        "password": "pbkdf2_sha256$24000$UU7Q3EE5Gdtv$fg0FfUDD7VXqUw6jrvbGHhzB2epRlzsUipcEwd2lKto=",
        "last_login": "2016-07-27T17:34:41.483Z",
        "is_superuser": false,
        "username": "admin1@mail.com",
        "first_name": "",
        "last_name": "",
        "email": "admin1@mail.com",
        "is_staff": false,
        "is_active": true,
        "date_joined": "2016-07-04T17:11:43.462Z",
        "stripe_id": "",
        "groups": [],
        "user_permissions": []
    }
},
{
    "model": "accounts.user",
    "fields": {
        "password": "pbkdf2_sha256$24000$A75B04PywEPy$hTAPbnohpS6E4d31HowCUFYIywts/IvexDasgS23g5A=",
        "last_login": "2016-07-15T11:29:52.158Z",
        "is_superuser": false,
        "username": "admin2@mail.com",
        "first_name": "",
        "last_name": "",
        "email": "admin2@mail.com",
        "is_staff": false,
        "is_active": true,
        "date_joined": "2016-07-13T10:30:20.291Z",
        "stripe_id": "",
        "groups": [],
        "user_permissions": []
    }
},
{
    "model": "accounts.user",
    "fields": {
        "password": "pbkdf2_sha256$24000$BxvLRrqOvHGF$UgwtdnU9bTTT3FZ6sl8U1/XHYY2tm3rj0b4TzOtDrII=",
        "last_login": "2016-07-14T12:36:56.444Z",
        "is_superuser": false,
        "username": "admin3@mail.com",
        "first_name": "",
        "last_name": "",
        "email": "admin3@mail.com",
        "is_staff": false,
        "is_active": true,
        "date_joined": "2016-07-14T12:36:46.864Z",
        "stripe_id": "",
        "groups": [],
        "user_permissions": []
    }
},
{
    "model": "accounts.user",
    "fields": {
        "password": "pbkdf2_sha256$24000$wnINgGa0lyzX$2re/oGzQUyBSpdi/EsMsjSA65MAoFTIWHMvLg5se03c=",
        "last_login": "2016-07-28T12:23:54.365Z",
        "is_superuser": false,
        "username": "admin5@mail.com",
        "first_name": "Admin5",
        "last_name": "Admin5",
        "email": "admin5@mail.com",
        "is_staff": false,
        "is_active": true,
        "date_joined": "2016-07-26T12:33:46.048Z",
        "stripe_id": "",
        "groups": [],
        "user_permissions": []
    }
},
{
    "model": "accounts.user",
    "fields": {
        "password": "pbkdf2_sha256$24000$EPogiY4yqjGA$Ye/op1AFfy2aC6SWbGaFCgsirmvE8AQph+f5Wat5pgA=",
        "last_login": "2016-07-28T11:33:05.767Z",
        "is_superuser": false,
        "username": "admin123@mail.com",
        "first_name": "Alex",
        "last_name": "Alex",
        "email": "admin123@mail.com",
        "is_staff": false,
        "is_active": true,
        "date_joined": "2016-07-27T18:08:46.476Z",
        "stripe_id": "",
        "groups": [],
        "user_permissions": []
    }
},
{
    "model": "accounts.user",
    "fields": {
        "password": "pbkdf2_sha256$20000$4FjUKg9lOxp4$dgFwe+vDHjkMcLz913KwQhlu6fJeyWPYYiz+14NdyaI=",
        "last_login": "2016-07-29T11:05:19.144Z",
        "is_superuser": false,
        "username": "tina@mail.com",
        "first_name": "Tina",
        "last_name": "Turner",
        "email": "tina@mail.com",
        "is_staff": false,
        "is_active": true,
        "date_joined": "2016-07-29T09:58:20.593Z",
        "stripe_id": "",
        "groups": [],
        "user_permissions": []
    }
},
{
    "model": "accounts.user",
    "fields": {
        "password": "pbkdf2_sha256$24000$M0tHYIFMmvWp$XaEeo+ygOlVlU44pISF+gLU0Xh0U2RTmS+LyOAfc7Ak=",
        "last_login": null,
        "is_superuser": false,
        "username": "alex@mail.com",
        "first_name": "Alex",
        "last_name": "Brown",
        "email": "alex@mail.com",
        "is_staff": false,
        "is_active": true,
        "date_joined": "2016-07-29T10:03:40.357Z",
        "stripe_id": "",
        "groups": [],
        "user_permissions": []
    }
},
{
    "model": "accounts.user",
    "fields": {
        "password": "pbkdf2_sha256$24000$QozLO1yxOJ4A$1xyiu1FDhfrd5FliVepjwbScbPACUDaHPDj/CWAaIZo=",
        "last_login": "2016-07-29T10:09:14.510Z",
        "is_superuser": false,
        "username": "john@mail.com",
        "first_name": "John",
        "last_name": "George",
        "email": "john@mail.com",
        "is_staff": false,
        "is_active": true,
        "date_joined": "2016-07-29T10:08:37.927Z",
        "stripe_id": "",
        "groups": [],
        "user_permissions": []
    }
},
{
    "model": "accounts.user",
    "fields": {
        "password": "pbkdf2_sha256$24000$rnghG0rWQCKv$Dpwu/fTGERfNzsQgDTVhF/FVvB3WBPwSKzqYzTMW8AE=",
        "last_login": null,
        "is_superuser": false,
        "username": "adrian@mail.com",
        "first_name": "Adrian",
        "last_name": "Rus",
        "email": "adrian@mail.com",
        "is_staff": false,
        "is_active": true,
        "date_joined": "2016-07-29T10:10:29.912Z",
        "stripe_id": "",
        "groups": [],
        "user_permissions": []
    }
},
{
    "model": "accounts.user",
    "fields": {
        "password": "pbkdf2_sha256$24000$Oda7o1yMO3lF$aiWFb0qJ2A223dIsGjmpa/yJfCDMIS9mLHjcB9I+3t4=",
        "last_login": "2016-07-29T10:12:31.581Z",
        "is_superuser": false,
        "username": "irene@mail.com",
        "first_name": "Irene",
        "last_name": "George",
        "email": "irene@mail.com",
        "is_staff": false,
        "is_active": true,
        "date_joined": "2016-07-29T10:12:30.171Z",
        "stripe_id": "",
        "groups": [],
        "user_permissions": []
    }
},
{
    "model": "accounts.user",
    "fields": {
        "password": "pbkdf2_sha256$24000$m0LTJIefNIvo$OEOauFJ4R2w9AaXMp3MuKywTSSX9wVoOoRDqSH+rWFc=",
        "last_login": "2016-07-29T10:20:43.343Z",
        "is_superuser": false,
        "username": "karl@mail.com",
        "first_name": "Karl",
        "last_name": "Moore",
        "email": "karl@mail.com",
        "is_staff": false,
        "is_active": true,
        "date_joined": "2016-07-29T10:20:40.218Z",
        "stripe_id": "tok_18cY6FJf2vF8JpLEVtGQupVW",
        "groups": [],
        "user_permissions": []
    }
},
{
    "model": "products.product",
    "pk": 1,
    "fields": {
        "name": "Laptop",
        "description": "Asus Laptop - The best mobile solution for your projects to get finished in time.",
        "price": "250.00"
    }
},
{
    "model": "products.product",
    "pk": 2,
    "fields": {
        "name": "Smartphone",
        "description": "Samsung S7 Edge Smartphone - The best in its class.",
        "price": "750.00"
    }
},
{
    "model": "products.product",
    "pk": 3,
    "fields": {
        "name": "Phone cover",
        "description": "Clear Phone Cover - Protecting your most beloved day to day item.",
        "price": "25.00"
    }
},
{
    "model": "products.product",
    "pk": 4,
    "fields": {
        "name": "Tablet",
        "description": "Acer Tablet PC - Helping you get the most out of your work.",
        "price": "180.00"
    }
},
{
    "model": "magazines.magazine",
    "pk": 1,
    "fields": {
        "name": "Business UK",
        "description": "Business magazine",
        "price": "6.00"
    }
},
{
    "model": "magazines.magazine",
    "pk": 2,
    "fields": {
        "name": "Entrepreneur",
        "description": "Business magazine",
        "price": "4.00"
    }
},
{
    "model": "magazines.magazine",
    "pk": 3,
    "fields": {
        "name": "Social Power",
        "description": "Social empowerement magazine",
        "price": "5.00"
    }
},
{
    "model": "reusable_blog.post",
    "pk": 1,
    "fields": {
        "author": 1,
        "title": "Blog post 1",
        "content": "Blog post 1\r\nBlog post 1\r\nBlog post 1\r\nBlog post 1\r\nBlog post 1",
        "created_date": "2016-07-12T12:36:53.010Z",
        "published_date": "2016-07-12T12:36:45Z",
        "views": 3,
        "tag": "blog",
        "image": ""
    }
},
{
    "model": "reusable_blog.post",
    "pk": 2,
    "fields": {
        "author": 2,
        "title": "Blog post 2",
        "content": "Blog post 2\r\nBlog post 2\r\nBlog post 2\r\nBlog post 2\r\nBlog post 2\r\nBlog post 2",
        "created_date": "2016-07-12T12:37:35.128Z",
        "published_date": "2016-07-11T00:00:00Z",
        "views": 3,
        "tag": "blog",
        "image": ""
    }
},
{
    "model": "reusable_blog.post",
    "pk": 3,
    "fields": {
        "author": 1,
        "title": "Blog post 3",
        "content": "Blog post 3\r\nBlog post 3\r\nBlog post 3\r\nBlog post 3\r\nBlog post 3\r\nBlog post 3\r\nBlog post 3",
        "created_date": "2016-07-28T09:30:45.988Z",
        "published_date": "2016-07-28T09:30:45.981Z",
        "views": 9,
        "tag": null,
        "image": "images/12920256_867551570034282_6464429908531233786_n.jpg"
    }
},
{
    "model": "reusable_blog.post",
    "pk": 4,
    "fields": {
        "author": 1,
        "title": "Blog post 4",
        "content": "Blog post 4 Blog post 4Blog post 4 Blog post 4 Blog post 4",
        "created_date": "2016-07-28T13:40:34.050Z",
        "published_date": "2016-07-28T13:40:34.046Z",
        "views": 2,
        "tag": null,
        "image": "images/BBtaWQN.png"
    }
},
{
    "model": "threads.subject",
    "pk": 1,
    "fields": {
        "name": "Testing",
        "description": "<p>Testing subject</p>"
    }
},
{
    "model": "threads.thread",
    "pk": 6,
    "fields": {
        "name": "Test Thread 2",
        "user": 1,
        "subject": 1,
        "created_at": "2016-07-04T23:56:18.339Z"
    }
},
{
    "model": "threads.thread",
    "pk": 7,
    "fields": {
        "name": "Cars",
        "user": 1,
        "subject": 1,
        "created_at": "2016-07-13T09:33:45.974Z"
    }
},
{
    "model": "threads.thread",
    "pk": 8,
    "fields": {
        "name": "Video Games",
        "user": 1,
        "subject": 1,
        "created_at": "2016-07-13T10:50:58.762Z"
    }
},
{
    "model": "threads.thread",
    "pk": 9,
    "fields": {
        "name": "Phones",
        "user": 1,
        "subject": 1,
        "created_at": "2016-07-15T11:23:26.284Z"
    }
},
{
    "model": "threads.thread",
    "pk": 10,
    "fields": {
        "name": "Laptops",
        "user": 1,
        "subject": 1,
        "created_at": "2016-07-26T10:46:20.527Z"
    }
},
{
    "model": "threads.post",
    "pk": 11,
    "fields": {
        "thread": 6,
        "comment": "<p>Hey World, how are things?</p>\r\n<p>:D B)</p>",
        "user": 1,
        "created_at": "2016-07-04T23:56:18.339Z"
    }
},
{
    "model": "threads.post",
    "pk": 12,
    "fields": {
        "thread": 7,
        "comment": "<p>Cars</p>",
        "user": 1,
        "created_at": "2016-07-13T09:33:45.974Z"
    }
},
{
    "model": "threads.post",
    "pk": 13,
    "fields": {
        "thread": 7,
        "comment": "<p>This is interesting</p>",
        "user": 3,
        "created_at": "2016-07-13T10:30:59.182Z"
    }
},
{
    "model": "threads.post",
    "pk": 14,
    "fields": {
        "thread": 8,
        "comment": "<p>Which is the best video game?</p>",
        "user": 1,
        "created_at": "2016-07-13T10:50:58.762Z"
    }
},
{
    "model": "threads.post",
    "pk": 15,
    "fields": {
        "thread": 8,
        "comment": "<p>Gta 5</p>",
        "user": 1,
        "created_at": "2016-07-13T11:15:16.722Z"
    }
},
{
    "model": "threads.post",
    "pk": 16,
    "fields": {
        "thread": 8,
        "comment": "<p>I'd say the witcher</p>",
        "user": 2,
        "created_at": "2016-07-14T13:12:19.185Z"
    }
},
{
    "model": "threads.post",
    "pk": 17,
    "fields": {
        "thread": 8,
        "comment": "<p>The witcher :D</p>",
        "user": 3,
        "created_at": "2016-07-14T13:13:25.528Z"
    }
},
{
    "model": "threads.post",
    "pk": 18,
    "fields": {
        "thread": 9,
        "comment": "<p>Phones - best of 2016</p>",
        "user": 1,
        "created_at": "2016-07-15T11:23:26.284Z"
    }
},
{
    "model": "threads.post",
    "pk": 19,
    "fields": {
        "thread": 7,
        "comment": "<p>worked like a charm :D</p>",
        "user": 2,
        "created_at": "2016-07-18T13:06:22.268Z"
    }
},
{
    "model": "threads.post",
    "pk": 20,
    "fields": {
        "thread": 10,
        "comment": "<p>laptops</p>",
        "user": 1,
        "created_at": "2016-07-26T10:46:20.527Z"
    }
},
{
    "model": "threads.post",
    "pk": 21,
    "fields": {
        "thread": 6,
        "comment": "<p>YOLO</p>",
        "user": 2,
        "created_at": "2016-07-26T12:57:00.507Z"
    }
},
{
    "model": "threads.post",
    "pk": 23,
    "fields": {
        "thread": 8,
        "comment": "<p>I voted Witcher ;) B)</p>",
        "user": 6,
        "created_at": "2016-07-27T18:12:13.621Z"
    }
},
{
    "model": "threads.post",
    "pk": 24,
    "fields": {
        "thread": 6,
        "comment": "<p>hello! :)</p>",
        "user": 5,
        "created_at": "2016-07-28T12:37:09.440Z"
    }
},
{
    "model": "polls.poll",
    "pk": 1,
    "fields": {
        "question": "Cars",
        "thread": 7
    }
},
{
    "model": "polls.poll",
    "pk": 2,
    "fields": {
        "question": "Best video game in 2016",
        "thread": 8
    }
},
{
    "model": "polls.poll",
    "pk": 3,
    "fields": {
        "question": "Best phone in 2016",
        "thread": 9
    }
},
{
    "model": "polls.poll",
    "pk": 4,
    "fields": {
        "question": "Laptops",
        "thread": 10
    }
},
{
    "model": "polls.pollsubject",
    "pk": 1,
    "fields": {
        "name": "BMW",
        "poll": 1
    }
},
{
    "model": "polls.pollsubject",
    "pk": 2,
    "fields": {
        "name": "Mercedes",
        "poll": 1
    }
},
{
    "model": "polls.pollsubject",
    "pk": 3,
    "fields": {
        "name": "Audi",
        "poll": 1
    }
},
{
    "model": "polls.pollsubject",
    "pk": 4,
    "fields": {
        "name": "GTA 5",
        "poll": 2
    }
},
{
    "model": "polls.pollsubject",
    "pk": 5,
    "fields": {
        "name": "The Witcher",
        "poll": 2
    }
},
{
    "model": "polls.pollsubject",
    "pk": 6,
    "fields": {
        "name": "Fifa 16",
        "poll": 2
    }
},
{
    "model": "polls.pollsubject",
    "pk": 7,
    "fields": {
        "name": "Samsung Galaxy S7",
        "poll": 3
    }
},
{
    "model": "polls.pollsubject",
    "pk": 8,
    "fields": {
        "name": "iPhone 6S",
        "poll": 3
    }
},
{
    "model": "polls.pollsubject",
    "pk": 9,
    "fields": {
        "name": "LG G5",
        "poll": 3
    }
},
{
    "model": "polls.pollsubject",
    "pk": 10,
    "fields": {
        "name": "Acer",
        "poll": 4
    }
},
{
    "model": "polls.pollsubject",
    "pk": 11,
    "fields": {
        "name": "Asus",
        "poll": 4
    }
},
{
    "model": "polls.pollsubject",
    "pk": 12,
    "fields": {
        "name": "Lenovo",
        "poll": 4
    }
},
{
    "model": "polls.vote",
    "pk": 1,
    "fields": {
        "poll": 1,
        "subject": 1,
        "user": 4
    }
},
{
    "model": "polls.vote",
    "pk": 2,
    "fields": {
        "poll": 1,
        "subject": 2,
        "user": 3
    }
},
{
    "model": "polls.vote",
    "pk": 3,
    "fields": {
        "poll": 1,
        "subject": 3,
        "user": 1
    }
},
{
    "model": "polls.vote",
    "pk": 4,
    "fields": {
        "poll": 2,
        "subject": 4,
        "user": 1
    }
},
{
    "model": "polls.vote",
    "pk": 5,
    "fields": {
        "poll": 2,
        "subject": 5,
        "user": 2
    }
},
{
    "model": "polls.vote",
    "pk": 6,
    "fields": {
        "poll": 2,
        "subject": 5,
        "user": 3
    }
},
{
    "model": "polls.vote",
    "pk": 7,
    "fields": {
        "poll": 3,
        "subject": 7,
        "user": 1
    }
},
{
    "model": "polls.vote",
    "pk": 8,
    "fields": {
        "poll": 3,
        "subject": 8,
        "user": 2
    }
},
{
    "model": "polls.vote",
    "pk": 9,
    "fields": {
        "poll": 3,
        "subject": 7,
        "user": 3
    }
},
{
    "model": "polls.vote",
    "pk": 10,
    "fields": {
        "poll": 1,
        "subject": 1,
        "user": 2
    }
},
{
    "model": "polls.vote",
    "pk": 11,
    "fields": {
        "poll": 4,
        "subject": 11,
        "user": 1
    }
},
{
    "model": "polls.vote",
    "pk": 12,
    "fields": {
        "poll": 4,
        "subject": 12,
        "user": 2
    }
},
{
    "model": "polls.vote",
    "pk": 13,
    "fields": {
        "poll": 1,
        "subject": 1,
        "user": 6
    }
},
{
    "model": "polls.vote",
    "pk": 14,
    "fields": {
        "poll": 2,
        "subject": 5,
        "user": 6
    }
},
{
    "model": "polls.vote",
    "pk": 15,
    "fields": {
        "poll": 4,
        "subject": 11,
        "user": 6
    }
},
{
    "model": "polls.vote",
    "pk": 16,
    "fields": {
        "poll": 2,
        "subject": 6,
        "user": 5
    }
},
{
    "model": "admin.logentry",
    "pk": 1,
    "fields": {
        "action_time": "2016-07-04T15:46:17.800Z",
        "user": 1,
        "content_type": 11,
        "object_id": "1",
        "object_repr": "Wired UK",
        "action_flag": 1,
        "change_message": "Added."
    }
},
{
    "model": "admin.logentry",
    "pk": 2,
    "fields": {
        "action_time": "2016-07-04T15:46:35.642Z",
        "user": 1,
        "content_type": 11,
        "object_id": "2",
        "object_repr": "PC World",
        "action_flag": 1,
        "change_message": "Added."
    }
},
{
    "model": "admin.logentry",
    "pk": 3,
    "fields": {
        "action_time": "2016-07-04T15:46:58.768Z",
        "user": 1,
        "content_type": 11,
        "object_id": "3",
        "object_repr": "Stuff",
        "action_flag": 1,
        "change_message": "Added."
    }
},
{
    "model": "admin.logentry",
    "pk": 4,
    "fields": {
        "action_time": "2016-07-04T15:47:42.191Z",
        "user": 1,
        "content_type": 9,
        "object_id": "1",
        "object_repr": "Laptop",
        "action_flag": 1,
        "change_message": "Added."
    }
},
{
    "model": "admin.logentry",
    "pk": 5,
    "fields": {
        "action_time": "2016-07-04T15:48:07.372Z",
        "user": 1,
        "content_type": 9,
        "object_id": "2",
        "object_repr": "Smartphone",
        "action_flag": 1,
        "change_message": "Added."
    }
},
{
    "model": "admin.logentry",
    "pk": 6,
    "fields": {
        "action_time": "2016-07-04T15:48:32.060Z",
        "user": 1,
        "content_type": 9,
        "object_id": "3",
        "object_repr": "Phone cover",
        "action_flag": 1,
        "change_message": "Added."
    }
},
{
    "model": "admin.logentry",
    "pk": 7,
    "fields": {
        "action_time": "2016-07-04T15:48:49.426Z",
        "user": 1,
        "content_type": 9,
        "object_id": "4",
        "object_repr": "Tablet",
        "action_flag": 1,
        "change_message": "Added."
    }
},
{
    "model": "admin.logentry",
    "pk": 8,
    "fields": {
        "action_time": "2016-07-04T15:49:14.686Z",
        "user": 1,
        "content_type": 14,
        "object_id": "1",
        "object_repr": "Testing",
        "action_flag": 1,
        "change_message": "Added."
    }
},
{
    "model": "admin.logentry",
    "pk": 9,
    "fields": {
        "action_time": "2016-07-04T15:49:27.920Z",
        "user": 1,
        "content_type": 14,
        "object_id": "2",
        "object_repr": "AOB",
        "action_flag": 1,
        "change_message": "Added."
    }
},
{
    "model": "admin.logentry",
    "pk": 10,
    "fields": {
        "action_time": "2016-07-04T15:49:46.783Z",
        "user": 1,
        "content_type": 14,
        "object_id": "3",
        "object_repr": "Develop",
        "action_flag": 1,
        "change_message": "Added."
    }
},
{
    "model": "admin.logentry",
    "pk": 11,
    "fields": {
        "action_time": "2016-07-04T23:55:40.061Z",
        "user": 1,
        "content_type": 15,
        "object_id": "5",
        "object_repr": "Thread object",
        "action_flag": 3,
        "change_message": ""
    }
},
{
    "model": "admin.logentry",
    "pk": 12,
    "fields": {
        "action_time": "2016-07-12T12:34:07.956Z",
        "user": 1,
        "content_type": 15,
        "object_id": "1",
        "object_repr": "Thread object",
        "action_flag": 3,
        "change_message": ""
    }
},
{
    "model": "admin.logentry",
    "pk": 13,
    "fields": {
        "action_time": "2016-07-12T12:36:53.017Z",
        "user": 1,
        "content_type": 13,
        "object_id": "1",
        "object_repr": "Blog post 1",
        "action_flag": 1,
        "change_message": "Added."
    }
},
{
    "model": "admin.logentry",
    "pk": 14,
    "fields": {
        "action_time": "2016-07-12T12:37:35.155Z",
        "user": 1,
        "content_type": 13,
        "object_id": "2",
        "object_repr": "Blog post 2",
        "action_flag": 1,
        "change_message": "Added."
    }
},
{
    "model": "admin.logentry",
    "pk": 15,
    "fields": {
        "action_time": "2016-07-14T13:20:07.769Z",
        "user": 1,
        "content_type": 6,
        "object_id": "4",
        "object_repr": "localhost",
        "action_flag": 1,
        "change_message": "Added."
    }
},
{
    "model": "admin.logentry",
    "pk": 16,
    "fields": {
        "action_time": "2016-07-14T13:20:20.451Z",
        "user": 1,
        "content_type": 7,
        "object_id": "1",
        "object_repr": "/about/ -- About",
        "action_flag": 1,
        "change_message": "Added."
    }
},
{
    "model": "admin.logentry",
    "pk": 17,
    "fields": {
        "action_time": "2016-07-14T13:21:29.933Z",
        "user": 1,
        "content_type": 7,
        "object_id": "2",
        "object_repr": "/contact/ -- Contact",
        "action_flag": 1,
        "change_message": "Added."
    }
},
{
    "model": "admin.logentry",
    "pk": 18,
    "fields": {
        "action_time": "2016-07-14T13:27:03.113Z",
        "user": 1,
        "content_type": 7,
        "object_id": "1",
        "object_repr": "/pages/about/ -- About",
        "action_flag": 2,
        "change_message": "Changed url."
    }
},
{
    "model": "admin.logentry",
    "pk": 19,
    "fields": {
        "action_time": "2016-07-14T13:27:13.660Z",
        "user": 1,
        "content_type": 7,
        "object_id": "2",
        "object_repr": "/pages/contact/ -- Contact",
        "action_flag": 2,
        "change_message": "Changed url."
    }
},
{
    "model": "admin.logentry",
    "pk": 20,
    "fields": {
        "action_time": "2016-07-14T13:36:08.195Z",
        "user": 1,
        "content_type": 6,
        "object_id": "4",
        "object_repr": "localhost:8000",
        "action_flag": 2,
        "change_message": "Changed domain."
    }
},
{
    "model": "admin.logentry",
    "pk": 21,
    "fields": {
        "action_time": "2016-07-26T13:03:10.990Z",
        "user": 1,
        "content_type": 7,
        "object_id": "1",
        "object_repr": "/pages/about/ -- <h2>About</h2>",
        "action_flag": 2,
        "change_message": "Changed title and content."
    }
},
{
    "model": "admin.logentry",
    "pk": 22,
    "fields": {
        "action_time": "2016-07-26T13:03:56.494Z",
        "user": 1,
        "content_type": 7,
        "object_id": "1",
        "object_repr": "/pages/about/ -- <div class=\"container\"><h2>About</h2></div>",
        "action_flag": 2,
        "change_message": "Changed title."
    }
},
{
    "model": "admin.logentry",
    "pk": 23,
    "fields": {
        "action_time": "2016-07-26T13:05:34.367Z",
        "user": 1,
        "content_type": 7,
        "object_id": "2",
        "object_repr": "/pages/contact/ -- <div class=\"container\"><h2>Contact</h2></div>",
        "action_flag": 2,
        "change_message": "Changed title and content."
    }
},
{
    "model": "admin.logentry",
    "pk": 24,
    "fields": {
        "action_time": "2016-07-27T14:00:54.837Z",
        "user": 1,
        "content_type": 7,
        "object_id": "1",
        "object_repr": "/pages/about/ -- <div class=\"container\"><h2>About</h2></div>",
        "action_flag": 2,
        "change_message": "Changed content."
    }
},
{
    "model": "admin.logentry",
    "pk": 25,
    "fields": {
        "action_time": "2016-07-27T14:04:50.926Z",
        "user": 1,
        "content_type": 7,
        "object_id": "2",
        "object_repr": "/pages/contact/ -- <div class=\"container\"><h2>Contact</h2></div>",
        "action_flag": 2,
        "change_message": "Changed content."
    }
},
{
    "model": "admin.logentry",
    "pk": 26,
    "fields": {
        "action_time": "2016-07-27T14:07:11.040Z",
        "user": 1,
        "content_type": 7,
        "object_id": "2",
        "object_repr": "/pages/contact/ -- <div class=\"container\"><h2>Contact</h2></div>",
        "action_flag": 2,
        "change_message": "Changed content."
    }
},
{
    "model": "admin.logentry",
    "pk": 27,
    "fields": {
        "action_time": "2016-07-27T14:20:22.436Z",
        "user": 1,
        "content_type": 7,
        "object_id": "2",
        "object_repr": "/pages/contact/ -- <div class=\"container\"><h2>Contact</h2></div>",
        "action_flag": 3,
        "change_message": ""
    }
},
{
    "model": "admin.logentry",
    "pk": 28,
    "fields": {
        "action_time": "2016-07-27T14:20:31.178Z",
        "user": 1,
        "content_type": 7,
        "object_id": "1",
        "object_repr": "/pages/about/ -- <div class=\"container\"><h2>About</h2></div>",
        "action_flag": 3,
        "change_message": ""
    }
},
{
    "model": "admin.logentry",
    "pk": 29,
    "fields": {
        "action_time": "2016-07-27T18:00:05.523Z",
        "user": 1,
        "content_type": 14,
        "object_id": "3",
        "object_repr": "Develop",
        "action_flag": 3,
        "change_message": ""
    }
},
{
    "model": "admin.logentry",
    "pk": 30,
    "fields": {
        "action_time": "2016-07-27T18:00:05.646Z",
        "user": 1,
        "content_type": 14,
        "object_id": "2",
        "object_repr": "AOB",
        "action_flag": 3,
        "change_message": ""
    }
},
{
    "model": "admin.logentry",
    "pk": 31,
    "fields": {
        "action_time": "2016-07-28T10:44:08.664Z",
        "user": 1,
        "content_type": 11,
        "object_id": "3",
        "object_repr": "Social Power",
        "action_flag": 2,
        "change_message": "Changed name and description."
    }
},
{
    "model": "admin.logentry",
    "pk": 32,
    "fields": {
        "action_time": "2016-07-28T10:44:29.738Z",
        "user": 1,
        "content_type": 11,
        "object_id": "2",
        "object_repr": "Entrepreneur",
        "action_flag": 2,
        "change_message": "Changed name and description."
    }
},
{
    "model": "admin.logentry",
    "pk": 33,
    "fields": {
        "action_time": "2016-07-28T10:44:43.193Z",
        "user": 1,
        "content_type": 11,
        "object_id": "1",
        "object_repr": "Business UK",
        "action_flag": 2,
        "change_message": "Changed name and description."
    }
},
{
    "model": "admin.logentry",
    "pk": 34,
    "fields": {
        "action_time": "2016-07-28T10:45:30.555Z",
        "user": 1,
        "content_type": 9,
        "object_id": "4",
        "object_repr": "Tablet",
        "action_flag": 2,
        "change_message": "Changed description."
    }
},
{
    "model": "admin.logentry",
    "pk": 35,
    "fields": {
        "action_time": "2016-07-28T10:45:51.247Z",
        "user": 1,
        "content_type": 9,
        "object_id": "3",
        "object_repr": "Phone cover",
        "action_flag": 2,
        "change_message": "Changed description."
    }
},
{
    "model": "admin.logentry",
    "pk": 36,
    "fields": {
        "action_time": "2016-07-28T10:46:29.572Z",
        "user": 1,
        "content_type": 9,
        "object_id": "2",
        "object_repr": "Smartphone",
        "action_flag": 2,
        "change_message": "Changed description."
    }
},
{
    "model": "admin.logentry",
    "pk": 37,
    "fields": {
        "action_time": "2016-07-28T10:46:57.240Z",
        "user": 1,
        "content_type": 9,
        "object_id": "1",
        "object_repr": "Laptop",
        "action_flag": 2,
        "change_message": "Changed description."
    }
}
]
